N,time_batch_ms,ss_batch,time_nobatch_ms,ss_nobatch,gain_time,gain_ss,nobatch_measured
1,3336.64,2,6735.03,4,2.01851,2,1
2,3340.79,2,13892.7,8,4.15849,4,1
5,3552.33,2,61125.1,36,17.207,18,1
10,3136.77,2,69339.6,40,22.1054,20,0
20,3040.73,2,138679,80,45.6072,40,0
50,3002.53,2,346698,200,115.469,100,0
